,Cef,Cip,Mer,Tob
genexp,0.7910599140076651,0.8119586550472953,0.8746823213262414,0.8838510372113978
genexp+snps,0.7395415859338819,0.8266245569560946,0.8684214776544605,0.8897964140859728
gpa,0.6799746328302163,0.7811175934757357,0.8683959465791631,0.9071391633696052
genexp+gpa,0.7696583165857831,0.8179570015734097,0.8703232549049537,0.8903317484921839
genexp+gpa+snps,0.7703086254076649,0.8006708624538348,0.8544422343859164,0.8972458133277776
gpa+snps,0.6529846222327371,0.8949790911915662,0.8726403495640602,0.8932642556876467
snps,0.6593780389900664,0.8825962806172567,0.5803940426589173,0.8857142441355939
