,Cef,Cip,Mer,Tob
genexp,0.06192407611350786,0.0537558005663118,0.0573770924766431,0.05099791639651449
genexp+snps,0.059309985582914976,0.029856982671961824,0.06759913834156918,0.03375268271232086
gpa,0.06295946007094491,0.04596319341568458,0.0655583551158868,0.027380950819235375
genexp+gpa,0.05864478335672241,0.04397139269929223,0.06893046622366558,0.04377551706186753
genexp+gpa+snps,0.05316976090248593,0.0357143164978374,0.06819239119487092,0.0363036203926356
gpa+snps,0.06967652699838821,0.04205557441170769,0.05114914110623277,0.03179622735421276
snps,0.06475063121937512,0.0464712066632355,0.049392958568033926,0.032597488122293086
