,Cef,Cip,Mer,Tob
genexp,0.7895126990420199,0.811798499145749,0.8574926448535006,0.8907788471707182
genexp+snps,0.7895126990420199,0.8478358459628356,0.8569850095245193,0.899031113541203
gpa,0.6101003720467824,0.7548138454253265,0.6393731355796707,0.8920216736994816
genexp+gpa,0.7895126990420199,0.8090330475856041,0.855169359426019,0.9023513347186908
genexp+gpa+snps,0.7895126990420199,0.8506450660393987,0.8647284391367484,0.9024834738858744
gpa+snps,0.6493643986174769,0.8779139758269848,0.6922324102840476,0.8843438541791532
snps,0.6363042649793984,0.8765109268677187,0.424979976508166,0.8736513803889084
