,Cef,Cip,Mer,Tob
genexp,0.7032159281437422,0.8003179306092494,0.7465392532922306,0.8950206299149643
genexp+snps,0.671266389275371,0.748799314197079,0.6004886268132337,0.9007159348489318
gpa,0.6691345435383355,0.7851787321562912,0.5318501789588295,0.9196891754494136
genexp+gpa,0.6867168655431896,0.7952694355195667,0.6322069850474235,0.9148892541455952
genexp+gpa+snps,0.6839128186101183,0.7474279331096,0.5824500441537513,0.906793001253272
gpa+snps,0.6836820293698261,0.7484007803549565,0.547836302528781,0.9053679532949274
snps,0.6717619315920664,0.7540975724014354,0.5798601036300599,0.9015088558885388
