,Cef,Cip,Mer,Tob
genexp,0.7910599140076651,0.8119586550472953,0.851644600213642,0.8860183345533308
genexp+snps,0.7395415859338819,0.8266245569560946,0.8708465538823859,0.8580686458640505
gpa,0.6689689065809142,0.7872591070092696,0.867995068100315,0.9047364927612616
genexp+gpa,0.7696583165857831,0.8119586550472953,0.8733361815137444,0.8887149788458609
genexp+gpa+snps,0.7395415859338819,0.8006708624538348,0.8648108116658527,0.8698525385962637
gpa+snps,0.6868545961471011,0.8863797774571489,0.8675371095879267,0.8974942821852755
snps,0.6376601452176371,0.8898318249003102,0.5803940426589173,0.8844709169610325
