,Cef,Cip,Mer,Tob
genexp,0.6135036780686116,0.6459627163471598,0.5786418094211622,0.78346652408145
genexp+snps,0.6669663799879616,0.6801381335287053,0.6100999326857984,0.8686990387689203
gpa,0.6284594345420925,0.7487342175218054,0.5897083363005268,0.8770724692632323
genexp+gpa,0.6341019702435198,0.6837083493367373,0.603493026868571,0.8378656295967339
genexp+gpa+snps,0.6573019748515506,0.6813153649487934,0.6219455090175479,0.8725614170537378
gpa+snps,0.6427889564871204,0.7401482534446115,0.529294225879014,0.8748828405249581
snps,0.6502098766820608,0.7297386033362807,0.5248311258581965,0.8724934077285852
