,Cef,Cip,Mer,Tob
genexp,0.05972154925913028,0.0572537067016204,0.054940293662190574,0.04843259244536071
genexp+snps,0.06267760108345832,0.04987105753304353,0.05156764238110231,0.03728452100186288
gpa,0.059380935277229714,0.04498288483633339,0.07193532815728329,0.043926856068423344
genexp+gpa,0.07093234239613513,0.048516924693716865,0.046767288142575816,0.04802790632946429
genexp+gpa+snps,0.05820001946472007,0.05439507658436991,0.0757842740430666,0.03986247583434478
gpa+snps,0.05776489144772633,0.044169526371760984,0.051803124628185274,0.03601091429600152
snps,0.05777258193840396,0.04174106894440078,0.044960584737661596,0.036679003071797125
