,drug,features,accuracy_training,precision_s,precision_r,recall_s,recall_r,accuracy
0,Cef,genexp+gpa+snps,1.0,0.6486486486486487,0.6666666666666666,0.7058823529411765,0.6060606060606061,0.6567164179104478
1,Cip,genexp+gpa+snps,1.0,0.631578947368421,0.7647058823529411,0.75,0.65,0.6944444444444444
2,Mer,genexp+gpa+snps,1.0,0.5714285714285714,0.7543859649122807,0.36363636363636365,0.8775510204081632,0.7183098591549296
3,Tob,genexp+gpa+snps,1.0,0.9310344827586207,0.9166666666666666,0.9642857142857143,0.8461538461538461,0.926829268292683
