,drug,features,accuracy_training,precision_s,precision_r,recall_s,recall_r,accuracy
0,Cef,genexp,0.9625468164794008,0.6956521739130435,0.5909090909090909,0.47058823529411764,0.7878787878787878,0.6268656716417911
